<?xml version="1.0" encoding="UTF-8"?>
<!DOCTYPE suite SYSTEM "https://testng.org/testng-1.0.dtd">
<suite name="Suite">

<listeners>

<listener class-name="AppDemoTestUtils.Listeners"></listener>
</listeners>
  <test name="Scenario1">
	
	<classes>
		<class name = "JiniusDemoApp.AppDemo_Scenario1"/>
	</classes>
  </test> <!-- Test -->
  
  <test name="Scenario2">
	
	<classes>
		<class name = "JiniusDemoApp.AppDemo_Scenario2"/>
	</classes>
  </test> <!-- Test -->
  <test name="Scenario3">
	
	<classes>
		<class name = "JiniusDemoApp.AppDemo_Scenario3"/>
	</classes>
  </test> <!-- Test -->
</suite> <!-- Suite -->
